Country,Afghanistan
Country,Albania
Country,Algeria
Country,Angola
Country,Argentina
Country,Armenia
Country,Aruba
Country,Australia
Country,Austria
Country,Azerbaijan
Country,Bahamas
Country,Bahrain
Country,Bangladesh
Country,Belarus
Country,Belgium
Country,Bhutan
Country,Bolivia
Country,Botswana
Country,Brazil
Country,Bulgaria
Country,Burundi
Country,Canada
Country,Chile
Country,China
Country,Colombia
Country,Croatia
Country,Cuba
Country,Cyprus
Country,Denmark
Country,Ecuador
Country,Egypt
Country,Estonia
Country,Finland
Country,France
Country,Georgia
Country,Germany
Country,Gibraltar
Country,Greece
Country,Greenland
Country,Guyana
Country,Hungary
Country,Iceland
Country,Indonesia
Country,Iran
Country,Iraq
Country,Ireland
Country,Israel
Country,Italy
Country,Jamaica
Country,Japan
Country,Kazakhstan
Country,Kenya
Country,Kosovo
Country,Kyrgyzstan
Country,Laos
Country,Latvia
Country,Lebanon
Country,Liberia
Country,Libya
Country,Liechtenstein
Country,Lithuania
Country,Luxembourg
Country,Macedonia
Country,Madagascar
Country,Mali
Country,Malta
Country,Moldova
Country,Monaco
Country,Morocco
Country,Nepal
Country,Netherlands
Country,Nicaragua
Country,Niger
Country,Nigeria
Country,Norway
Country,Oman
Country,Pakistan
Country,Peru
Country,Philippines
Country,Poland
Country,Portugal
Country,Qatar
Country,Taiwan
Country,Romania
Country,Russia
Country,Scotland
Country,Senegal
Country,Serbia
Country,Slovenia
Country,Spain
Country,Suriname
Country,Sweden
Country,Switzerland
Country,Syria
Country,Thailand
Country,Tunisia
Country,Turkey
Country,Turkmenistan
Country,Ukraine
Country,England
Country,UK
Country,Uruguay
Country,Venezuela
Country,Vietnam
Country,Wales
Country,Zimbabwe
Capital,Kabul
Capital,Tirana
Capital,Algiers
Capital,Luanda
Capital,Yerevan
Capital,Oranjestad
Capital,Canberra
Capital,Vienna
Capital,Baku
Capital,Nassau
Capital,Manama
Capital,Dhaka
Capital,Minsk
Capital,Brussels
Capital,Thimphu
Capital,Sucre
Capital,Gaborone
Capital,Sofia
Capital,Bujumbura
Capital,Ottawa
Capital,Santiago
Capital,Beijing
Capital,Zagreb
Capital,Havana
Capital,Nicosia
Capital,Copenhagen
Capital,Quito
Capital,Cairo
Capital,Tallinn
Capital,Helsinki
Capital,Paris
Capital,Tbilisi
Capital,Berlin
Capital,Gibraltar
Capital,Athens
Capital,Nuuk
Capital,Georgetown
Capital,Budapest
Capital,Jakarta
Capital,Tehran
Capital,Baghdad
Capital,Dublin
Capital,Jerusalem
Capital,Rome
Capital,Kingston
Capital,Tokyo
Capital,Astana
Capital,Nairobi
Capital,Pristina
Capital,Bishkek
Capital,Vientiane
Capital,Riga
Capital,Beirut
Capital,Monrovia
Capital,Tripoli
Capital,Vaduz
Capital,Vilnius
Capital,Luxembourg
Capital,Skopje
Capital,Antananarivo
Capital,Bamako
Capital,Valletta
Capital,Chisinau
Capital,Monaco
Capital,Rabat
Capital,Kathmandu
Capital,Amsterdam
Capital,Wellington
Capital,Managua
Capital,Niamey
Capital,Abuja
Capital,Oslo
Capital,Muscat
Capital,Islamabad
Capital,Lima
Capital,Manila
Capital,Warsaw
Capital,Lisbon
Capital,Doha
Capital,Taipei
Capital,Bucharest
Capital,Moscow
Capital,Edinburgh
Capital,Dakar
Capital,Belgrade
Capital,Ljubljana
Capital,Madrid
Capital,Paramaribo
Capital,Stockholm
Capital,Bern
Capital,Damascus
Capital,Bangkok
Capital,Tunis
Capital,Ankara
Capital,Ashgabat
Capital,Kiev
Capital,Belfast
Capital,London
Capital,Montevideo
Capital,Caracas
Capital,Hanoi
Capital,Cardiff
Capital,Harare
Food,aroma
Food,bagel
Food,batter
Food,beans
Food,beer
Food,biscuit
Food,bread
Food,broth
Food,burger
Food,butter
Food,cake
Food,candy
Food,caramel
Food,caviar
Food,cheese
Food,chili
Food,chocolate
Food,cider
Food,cobbler
Food,cocoa
Food,coffee
Food,cookie
Food,cream
Food,croissant
Food,crumble
Food,cuisine
Food,curd
Food,dessert
Food,dish
Food,drink
Food,eggs
Food,entree
Food,filet
Food,fish
Food,flour
Food,food
Food,glaze
Food,grill
Food,hamburger
Food,ice
Food,juice
Food,ketchup
Food,kitchen
Food,lard
Food,liquor
Food,margarine
Food,marinade
Food,mayo
Food,mayonnaise
Food,meat
Food,milk
Food,mousse
Food,muffin
Food,mushroom
Food,noodle
Food,nut
Food,oil
Food,olive
Food,omelette
Food,pan
Food,pasta
Food,paste
Food,pastry
Food,pie
Food,pizza
Food,plate
Food,pot
Food,poutine
Food,pudding
Food,raclette
Food,recipe
Food,rice
Food,salad
Food,salsa
Food,sandwich
Food,sauce
Food,seasoning
Food,skillet
Food,soda
Food,soup
Food,soy
Food,spice
Food,steak
Food,stew
Food,syrup
Food,tartar
Food,taste
Food,tea
Food,toast
Food,vinegar
Food,waffle
Food,water
Food,wheat
Food,wine
Food,wok
Food,yeast
Food,yogurt
Animal,alligator
Animal,ant
Animal,bear
Animal,bee
Animal,bird
Animal,camel
Animal,cat
Animal,cheetah
Animal,chicken
Animal,chimpanzee
Animal,cow
Animal,crocodile
Animal,deer
Animal,dog
Animal,dolphin
Animal,duck
Animal,eagle
Animal,elephant
Animal,fish
Animal,fly
Animal,fox
Animal,frog
Animal,giraffe
Animal,goat
Animal,goldfish
Animal,hamster
Animal,hippopotamus
Animal,horse
Animal,kangaroo
Animal,kitten
Animal,leopard
Animal,lion
Animal,lizard
Animal,lobster
Animal,monkey
Animal,octopus
Animal,ostrich
Animal,otter
Animal,owl
Animal,oyster
Animal,panda
Animal,parrot
Animal,pelican
Animal,pig
Animal,pigeon
Animal,porcupine
Animal,puppy
Animal,rabbit
Animal,rat
Animal,reindeer
Animal,rhinoceros
Animal,rooster
Animal,scorpion
Animal,seal
Animal,shark
Animal,sheep
Animal,shrimp
Animal,snail
Animal,snake
Animal,sparrow
Animal,spider
Animal,squid
Animal,squirrel
Animal,swallow
Animal,swan
Animal,tiger
Animal,toad
Animal,tortoise
Animal,turtle
Animal,vulture
Animal,walrus
Animal,weasel
Animal,whale
Animal,wolf
Animal,zebra
Jobs,accountant
Jobs,actor
Jobs,actress
Jobs,athlete
Jobs,author
Jobs,baker
Jobs,banker
Jobs,barber
Jobs,beautician
Jobs,broker
Jobs,burglar
Jobs,butcher
Jobs,carpenter
Jobs,chauffeur
Jobs,chef
Jobs,clerk
Jobs,coach
Jobs,craftsman
Jobs,criminal
Jobs,crook
Jobs,dentist
Jobs,doctor
Jobs,editor
Jobs,engineer
Jobs,farmer
Jobs,fisherman
Jobs,judge
Jobs,lawyer
Jobs,magician
Jobs,mechanic
Jobs,musician
Jobs,nurse
Jobs,pharmacist
Jobs,pilot
Jobs,poet
Jobs,policeman
Jobs,politician
Jobs,printer
Jobs,professor
Jobs,rabbi
Jobs,priest
Jobs,pastor
Jobs,sailor
Jobs,salesman
Jobs,shoemaker
Jobs,soldier
Jobs,tailor
Jobs,teacher
Jobs,veterinarian
Jobs,waiter
Jobs,waitress
Jobs,watchmaker
Sports,athletics
Sports,baseball
Sports,basketball
Sports,bowling
Sports,cycling
Sports,football
Sports,golf
Sports,gymnastics
Sports,handball
Sports,hockey
Sports,jogging
Sports,polo
Sports,rugby
Sports,skiing
Sports,soccer
Sports,softball
Sports,squash
Sports,swimming
Sports,tennis
Sports,volleyball
Economics,account
Economics,accrual
Economics,actuary
Economics,annuity
Economics,appreciation
Economics,asset
Economics,auditor
Economics,balance
Economics,bankruptcy
Economics,basis
Economics,bond
Economics,book
Economics,budget
Economics,buyout
Economics,callable
Economics,capital
Economics,cash
Economics,change
Economics,collateral
Economics,contingency
Economics,contract
Economics,cost
Economics,cycle
Economics,debt
Economics,dividend
Economics,expenditure
Economics,expense
Economics,flow
Economics,gain
Economics,interest
Economics,inventory
Economics,lease
Economics,ledger
Economics,liability
Economics,loan
Economics,paper
Economics,plan
Economics,price
Economics,report
Economics,shares
Economics,statement
Economics,stock
Economics,trust
Chemistry,acid
Chemistry,anion
Chemistry,anode
Chemistry,atom
Chemistry,base
Chemistry,catalyst
Chemistry,cathode
Chemistry,charge
Chemistry,combustion
Chemistry,compound
Chemistry,concentration
Chemistry,decay
Chemistry,effusion
Chemistry,electrolysis
Chemistry,electron
Chemistry,element
Chemistry,energy
Chemistry,entropy
Chemistry,force
Chemistry,frequency
Chemistry,hydrolysis
Chemistry,ion
Chemistry,mixture
Chemistry,mole
Chemistry,molecule
Chemistry,neutron
Chemistry,nucleus
Chemistry,octet
Chemistry,particle
Chemistry,photon
Chemistry,proton
Chemistry,radiation
Chemistry,solute
Chemistry,solvent
Chemistry,term
Chemistry,velocity
Chemistry,volume
Chemistry,wave
Chemistry,wavelength
Drinks,beer
Drinks,brandy
Drinks,cocoa
Drinks,cocktail
Drinks,coffee
Drinks,coke
Drinks,juice
Drinks,lemonade
Drinks,liquor
Drinks,milk
Drinks,milkshake
Drinks,punch
Drinks,soda
Drinks,tea
Drinks,water
Drinks,whiskey
Drinks,wine
University,algebra
University,anatomy
University,anthropology
University,archeology
University,architecture
University,art
University,astronomy
University,biology
University,botany
University,calculus
University,chemistry
University,economics
University,engineering
University,English
University,geography
University,geology
University,geometry
University,health
University,history
University,law
University,literature
University,math
University,medicine
University,music
University,philosophy
University,physics
University,psychology
University,science
University,sociology
University,statistics
University,trigonometry
University,zoology
Family,aunt
Family,brother
Family,cousin
Family,daughter
Family,father
Family,granddaughter
Family,grandmother
Family,grandson
Family,mother
Family,nephew
Family,niece
Family,sister
Family,son
Family,stepdaughter
Family,stepmother
Family,stepson
Family,uncle
